country_iso3,country_name,cluster,fimi_variant,rank,predictor_id,std_all,posterior_sd,q025,q975,sig,shrinkage_pct,eu_pooled_mean,in_eu_pi95
AUT,Austria,Western,russian,1,ABAND,-0.24796200484528347,0.06859439662476749,-0.38664889986486195,-0.1210896051284107,TRUE,0.4686931488767585,-0.1273620584280204,FALSE
AUT,Austria,Western,russian,2,FEAR,0.24468668431097826,0.03877710043517967,0.1672910106605006,0.32265976519300854,TRUE,0.6571145198669472,0.23800164128225135,TRUE
AUT,Austria,Western,russian,3,SUPF,-0.22486301687963095,0.06926073942160885,-0.3763713015334562,-0.0991932892691195,TRUE,0.8366989888367471,-0.2057783272736831,TRUE
BEL,Belgium,Western,russian,1,FEAR,0.31354877111579116,0.04251777906831285,0.23499374476168894,0.39793432652691363,TRUE,0.34507059325941436,0.23800164128225135,TRUE
BEL,Belgium,Western,russian,2,THREAT,0.18971554611925764,0.059576497509533324,0.07788460927776124,0.30604314388307696,TRUE,0.3100913615806109,0.12506106610525658,TRUE
BEL,Belgium,Western,russian,3,SUPF,-0.18739182451150702,0.06718760443919157,-0.31682328095799606,-0.045195585639520246,TRUE,0.6476683647411161,-0.2057783272736831,TRUE
BGR,Bulgaria,Central-East,russian,1,FEAR,0.2965520110302383,0.03773319338829982,0.22257748790459708,0.3697237637883969,TRUE,0.1631395803677097,0.23800164128225135,TRUE
BGR,Bulgaria,Central-East,russian,2,SUPF,-0.27094662444651507,0.07777388562281279,-0.45100119798444294,-0.14393045746985783,TRUE,0.7348005793196981,-0.2057783272736831,FALSE
BGR,Bulgaria,Central-East,russian,3,THREAT,0.0972480604362752,0.058621127059012,-0.019504557737208213,0.21250216673609992,FALSE,0.5726549175507651,0.12506106610525658,TRUE
DEU,Germany,Western,russian,1,FEAR,0.24100027055709794,0.03874671148340079,0.16597798221187873,0.31661048102246075,TRUE,0.7810031754768838,0.23800164128225135,TRUE
DEU,Germany,Western,russian,2,THREAT,0.23570752754569835,0.06001782296653247,0.12099116590008605,0.3563573468911012,TRUE,0.3801032670042185,0.12506106610525658,TRUE
DEU,Germany,Western,russian,3,ABAND,-0.22079630639687425,0.06659009578640296,-0.354908819168114,-0.09404445395756818,TRUE,0.45998106473453937,-0.1273620584280204,TRUE
EST,Estonia,Baltic,russian,1,SUPF,-0.2803713281825687,0.09420033953701944,-0.4953157851282247,-0.1276325316002562,TRUE,0.7643335592365256,-0.2057783272736831,FALSE
EST,Estonia,Baltic,russian,2,ABAND,-0.17191210061249174,0.05561928852693528,-0.2836848846521973,-0.06477900078163691,TRUE,0.1416828385539186,-0.1273620584280204,TRUE
EST,Estonia,Baltic,russian,3,FEAR,0.16219396162385008,0.03849662514679404,0.08505311983512981,0.23444002262500593,TRUE,0.2536599904626351,0.23800164128225135,TRUE
FRA,France,Western,russian,1,FEAR,0.31835095026193844,0.04506924546652755,0.23593330410445248,0.4098086179094702,TRUE,0.34010683120390206,0.23800164128225135,TRUE
FRA,France,Western,russian,2,SUPF,-0.2538124619139725,0.06785960180619462,-0.3995972513875875,-0.13421921073796372,TRUE,0.558482379343195,-0.2057783272736831,TRUE
FRA,France,Western,russian,3,THREAT,0.10435343839987168,0.05597329237297131,-0.008700911493975727,0.2129154743586884,FALSE,0.5650937772517974,0.12506106610525658,TRUE
HUN,Hungary,Central-East,russian,1,FEAR,0.22985327281753906,0.039238409360828,0.1518288222314914,0.3066070154121138,TRUE,0.5752954334051363,0.23800164128225135,TRUE
HUN,Hungary,Central-East,russian,2,SUPF,-0.21917809610888694,0.06578894084359561,-0.3511939344206372,-0.08378156885521157,TRUE,1.7168295360402759,-0.2057783272736831,TRUE
HUN,Hungary,Central-East,russian,3,GEN,-0.13926680700006894,0.07443664197043938,-0.2916697063236731,2.3339698179621762e-4,FALSE,0.22596577081684854,-0.03880842069144989,TRUE
ITA,Italy,Southern,russian,1,FEAR,0.27590858101852733,0.041152484039769635,0.1986183775350571,0.3598792966738452,TRUE,0.4872571708599909,0.23800164128225135,TRUE
ITA,Italy,Southern,russian,2,SUPF,-0.20658383041280431,0.06234313067401753,-0.3287582023432292,-0.07814767371145041,TRUE,1.0151918480938176,-0.2057783272736831,TRUE
ITA,Italy,Southern,russian,3,ABAND,-0.09359497667941348,0.05258083075759339,-0.19588687691745071,0.014066266576492218,FALSE,0.3140570013063799,-0.1273620584280204,TRUE
LTU,Lithuania,Baltic,russian,1,GEN,-0.2169612051505088,0.08480847829986278,-0.3944627777149924,-0.06700028405498873,TRUE,0.48623836278256816,-0.03880842069144989,FALSE
LTU,Lithuania,Baltic,russian,2,ABAND,-0.21115464339637285,0.056629545022823774,-0.3263961493886489,-0.10252515581896753,TRUE,0.3018713610897824,-0.1273620584280204,TRUE
LTU,Lithuania,Baltic,russian,3,FEAR,0.1899926640722249,0.038726269226115315,0.11213271434742791,0.2643295688703906,TRUE,0.3429043001015807,0.23800164128225135,TRUE
LVA,Latvia,Baltic,russian,1,SUPF,-0.21005308042143836,0.07074931089480277,-0.354823799982822,-0.06839828280356935,TRUE,2.2247555470168034,-0.2057783272736831,TRUE
LVA,Latvia,Baltic,russian,2,FEAR,0.19624854755583324,0.03797993427558395,0.12197596546624209,0.2702356922602761,TRUE,0.3807885416651443,0.23800164128225135,TRUE
LVA,Latvia,Baltic,russian,3,GEN,-0.15310063205063904,0.07530630869731028,-0.3011677581489825,-0.003566497388076668,TRUE,0.08919629172351973,-0.03880842069144989,TRUE
POL,Poland,Central-East,russian,1,FEAR,0.26797861871778905,0.03900321387732273,0.19251963847106274,0.346346422152285,TRUE,0.4965421433463998,0.23800164128225135,TRUE
POL,Poland,Central-East,russian,2,SUPF,-0.23501931865833398,0.06525574338430959,-0.37725902151325313,-0.11953246979756917,TRUE,0.707707566496173,-0.2057783272736831,TRUE
POL,Poland,Central-East,russian,3,ABAND,-0.09317217572818139,0.05984544049714778,-0.20761509951190635,0.026765731066262656,FALSE,0.5103327928099146,-0.1273620584280204,TRUE
SRB,Serbia,Southern,russian,1,FEAR,0.17177608667009142,0.03445972430872846,0.1018540299817077,0.2366224021081699,TRUE,0.2927264174569846,0.23800164128225135,TRUE
SRB,Serbia,Southern,russian,2,THREAT,0.11719474564254705,0.054499169837588256,0.008726722644289276,0.2219445876564119,TRUE,0.716177988297712,0.12506106610525658,TRUE
SRB,Serbia,Southern,russian,3,GEN,-0.09401126831038023,0.09165347802384177,-0.288657629582421,0.06447862669314511,FALSE,0.7716918491693915,-0.03880842069144989,TRUE
TUR,Turkey,Southern,russian,1,THREAT,0.30349707439738577,0.07055329897915998,0.16748577898230843,0.44456646457388627,TRUE,0.2880505229559637,0.12506106610525658,FALSE
TUR,Turkey,Southern,russian,2,FEAR,0.19311205604399898,0.04537129366657954,0.10239753293809496,0.2785872561481507,TRUE,0.5776667810268656,0.23800164128225135,TRUE
TUR,Turkey,Southern,russian,3,SUPF,-0.17280596623411454,0.06922724855772323,-0.3084215237631352,-0.028042129185948252,TRUE,-0.6183697415748821,-0.2057783272736831,TRUE
